Workbook

Sheet تقرير السندات
A2: تقرير السندات - فحص المنافسة
A3: المنافسة MED-2026-339 | 6 دفعات | أرقام الأصناف والكميات والأسعار متقابلة بالترتيب نفسه؛ تفاصيل كل صنف في الشيت التالي
A5: رقم المنافسة | B5: رقم الدفعة | C5: رقم الربطة | D5: رقم السند | E5: تاريخ السند | F5: رقم التعميد | G5: رقم الفاتورة | H5: تاريخ الفاتورة | I5: رقم الأصناف | J5: عدد الوحدات لكل صنف | K5: سعر الوحدة لكل صنف | L5: صافي الإجمالي لكامل السند | M5: عمولة نوبكو | N5: هل يوجد ضريبة (نعم/لا) | O5: نوع الضريبة (جزئي/كامل السند) | P5: ضريبة القيمة المضافة | Q5: غرامة التأخير (نعم/لا) | R5: مبلغ الغرامة | S5: غرامات أخرى (نعم/لا) | T5: مبلغ الغرامات الأخرى | U5: الإجمالي بعد عمولة نوبكو | V5: الإجمالي بعد عمولة نوبكو وضريبة القيمة المضافة | W5: الإجمالي بعد خصم الغرامات إن وجدت | X5: مبلغ السداد المستحق (للسند) | Y5: حالة السند | Z5: سبب أنه غير سليم | AA5: ملف الربطة | AB5: صفحات السند | AC5: صفحات الفاتورة | AD5: صفحات التعميد | AE5: موعد التوريد | AF5: أيام التأخير
A6: MED-2026-339 | B6: 1 | C6: 1 | D6: STO0000005239 | E6: 46304 | F6: PON0000000986 | G6: 5002602877 | H6: 46304 | I6: WND-004 | J6: 2 | K6: 50.00 | L6: 100 | M6: 4 | N6: نعم | O6: كامل السند | P6: 15.6 | Q6: لا | R6: 0 | S6: لا | T6: 0 | U6: 104 | V6: 119.6 | W6: 119.6 | X6: 119.6 | Y6: سليم محاسبياً | AA6: MED-2026-339-01-001.pdf | AB6: 2 | AC6: 7 | AD6: 1 | AE6: 46310 | AF6: 0

Sheet تفصيل الأصناف
A2: تفصيل الأصناف لكل سند
A3: صف واحد لكل صنف مستلم؛ القيم المحسوبة قورنت بالسند والفاتورة والتعميد والعقد
A5: رقم المنافسة | B5: رقم الدفعة | C5: رقم السند | D5: رقم التعميد | E5: رقم الفاتورة | F5: رقم الصنف | G5: وصف الصنف | H5: الوحدة | I5: العدد في السند | J5: سعر الوحدة في السند | K5: سعر الوحدة في العقد | L5: صافي الصنف المحسوب | M5: عمولة نوبكو المحسوبة | N5: نسبة الضريبة | O5: الضريبة المحسوبة | P5: إجمالي الصنف المحسوب | Q5: صافي الصنف في الفاتورة | R5: عمولة نوبكو في الفاتورة | S5: ضريبة الفاتورة | T5: إجمالي الصنف في الفاتورة | U5: تاريخ الصلاحية | V5: صفحة السند | W5: صفحات الفاتورة | X5: نتيجة المطابقة | Y5: ملف الربطة
A6: MED-2026-339 | B6: 1 | C6: STO0000005239 | D6: PON0000000986 | E6: 5002602877 | F6: WND-004 | G6: شريط تثبيت جراحي | H6: BOX | I6: 2 | J6: 50 | K6: 50 | L6: 100 | M6: 4 | N6: 0.15 | O6: 15.6 | P6: 119.6 | Q6: 100 | R6: 4 | S6: 15.6 | T6: 119.6 | U6: 47579 | V6: 2 | W6: 7 | X6: مطابق | Y6: MED-2026-339-01-001.pdf

Sheet مطابقة التعاميد
A2: مطابقة التعاميد
A3: كل تعميد مستقل طوبق مع مجموع سنداته وبنوده؛ التعميد المكرر داخل الربطات لم يحتسب مرة أخرى
A5: رقم المنافسة | B5: رقم الدفعة | C5: رقم التعميد | D5: تاريخ التعميد | E5: موعد التوريد | F5: عدد أصناف التعميد | G5: عدد السندات | H5: الوحدات في التعميد | I5: الوحدات المستلمة | J5: صافي التعميد | K5: صافي السندات | L5: عمولة التعميد | M5: عمولة السندات | N5: ضريبة التعميد | O5: ضريبة السندات | P5: إجمالي التعميد | Q5: إجمالي السندات | R5: نتيجة المطابقة
A6: MED-2026-339 | B6: 1 | C6: PON0000000986 | D6: 46297 | E6: 46310 | F6: 1 | G6: 6 | H6: 9 | I6: 9 | J6: 450 | K6: 450 | L6: 18 | M6: 18 | N6: 70.2 | O6: 70.2 | P6: 538.2 | Q6: 538.2 | R6: مطابق

Sheet تقرير المنافسة والأصناف
A2: تقرير المنافسة والأصناف
A3: المنافسة MED-2026-339 | شركة رواسي التعافي الطبية | 6 دفعات | المصدر: عقد المنافسة.pdf والربطات والتعاميد
A5: البيان | B5: المبلغ المحسوب (ر.س) | C5: المبلغ في العقد (ر.س) | D5: الفرق (ر.س) | E5: نتيجة المطابقة
A6: صافي مبلغ المنافسة | B6: =ROUND(SUM('تقرير السندات'!L6:L1199),2) | C6: 996000 | D6: =ROUND(B6-C6,2) | E6: =IF(D6=0,"مطابق","غير مطابق")
A7: إجمالي عمولة نوبكو | B7: =ROUND(SUM('تقرير السندات'!M6:M1199),2) | C7: 39840 | D7: =ROUND(B7-C7,2) | E7: =IF(D7=0,"مطابق","غير مطابق")
A8: إجمالي ضريبة القيمة المضافة | B8: =ROUND(SUM('تقرير السندات'!P6:P1199),2) | C8: 96408 | D8: =ROUND(B8-C8,2) | E8: =IF(D8=0,"مطابق","غير مطابق")
A9: الإجمالي بعد عمولة نوبكو والضريبة | B9: =ROUND(SUM('تقرير السندات'!V6:V1199),2) | C9: 1132248 | D9: =ROUND(B9-C9,2) | E9: =IF(D9=0,"مطابق","غير مطابق")
A10: إجمالي غرامات التأخير | B10: =ROUND(SUM('تقرير السندات'!R6:R1199),2) | E10: لا توجد غرامة موثقة
A11: إجمالي الغرامات الأخرى | B11: =ROUND(SUM('تقرير السندات'!T6:T1199),2) | E11: لا توجد غرامة موثقة
A12: إجمالي المبلغ المستحق | B12: =ROUND(SUM('تقرير السندات'!X6:X1199),2) | C12: 1132248 | D12: =ROUND(B12-C12,2) | E12: =IF(D12=0,"مطابق","غير مطابق")
A14: عدد السندات | B14: 1194 | C14: عدد الفواتير | D14: 635
A15: عدد التعاميد | B15: 208 | C15: الربطات المفحوصة | D15: 53
A17: الأصناف المستلمة - العدد الإجمالي | B17: =SUM(D20:D29) | C17: الأصناف غير المستلمة - العدد الإجمالي | D17: =SUM(E20:E29)
A19: رقم الصنف | B19: وصف الصنف | C19: الكمية في العقد | D19: الكمية المستلمة | E19: الكمية غير المستلمة | F19: كمية زائدة | G19: سعر الوحدة | H19: صافي المستلم | I19: عمولة نوبكو | J19: ضريبة القيمة المضافة | K19: إجمالي المستلم | L19: نسبة الضريبة | M19: حالة الصنف
A20: WND-001 | B20: ضماد رغوي للجروح | C20: 6000 | D20: =SUMIF('تفصيل الأصناف'!$F$6:$F$2255,A20,'تفصيل الأصناف'!$I$6:$I$2255) | E20: =MAX(C20-D20,0) | F20: =MAX(D20-C20,0) | G20: 40 | H20: =ROUND(SUMIF('تفصيل الأصناف'!$F$6:$F$2255,A20,'تفصيل الأصناف'!$L$6:$L$2255),2) | I20: =ROUND(SUMIF('تفصيل الأصناف'!$F$6:$F$2255,A20,'تفصيل الأصناف'!$M$6:$M$2255),2) | J20: =ROUND(SUMIF('تفصيل الأصناف'!$F$6:$F$2255,A20,'تفصيل الأصناف'!$O$6:$O$2255),2) | K20: =ROUND(SUM(H20:J20),2) | L20: 0.15 | M20: =IF(AND(C20=D20,E20=0,F20=0),"مكتمل","غير مكتمل")
A21: WND-002 | B21: ضماد هيدروكولويد | C21: 6000 | D21: =SUMIF('تفصيل الأصناف'!$F$6:$F$2255,A21,'تفصيل الأصناف'!$I$6:$I$2255) | E21: =MAX(C21-D21,0) | F21: =MAX(D21-C21,0) | G21: 30 | H21: =ROUND(SUMIF('تفصيل الأصناف'!$F$6:$F$2255,A21,'تفصيل الأصناف'!$L$6:$L$2255),2) | I21: =ROUND(SUMIF('تفصيل الأصناف'!$F$6:$F$2255,A21,'تفصيل الأصناف'!$M$6:$M$2255),2) | J21: =ROUND(SUMIF('تفصيل الأصناف'!$F$6:$F$2255,A21,'تفصيل الأصناف'!$O$6:$O$2255),2) | K21: =ROUND(SUM(H21:J21),2) | L21: 0.15 | M21: =IF(AND(C21=D21,E21=0,F21=0),"مكتمل","غير مكتمل")
A22: WND-003 | B22: ضماد معقم غير لاصق | C22: 3000 | D22: =SUMIF('تفصيل الأصناف'!$F$6:$F$2255,A22,'تفصيل الأصناف'!$I$6:$I$2255) | E22: =MAX(C22-D22,0) | F22: =MAX(D22-C22,0) | G22: 50 | H22: =ROUND(SUMIF('تفصيل الأصناف'!$F$6:$F$2255,A22,'تفصيل الأصناف'!$L$6:$L$2255),2) | I22: =ROUND(SUMIF('تفصيل الأصناف'!$F$6:$F$2255,A22,'تفصيل الأصناف'!$M$6:$M$2255),2) | J22: =ROUND(SUMIF('تفصيل الأصناف'!$F$6:$F$2255,A22,'تفصيل الأصناف'!$O$6:$O$2255),2) | K22: =ROUND(SUM(H22:J22),2) | L22: 0 | M22: =IF(AND(C22=D22,E22=0,F22=0),"مكتمل","غير مكتمل")
A23: WND-004 | B23: شريط تثبيت جراحي | C23: 2400 | D23: =SUMIF('تفصيل الأصناف'!$F$6:$F$2255,A23,'تفصيل الأصناف'!$I$6:$I$2255) | E23: =MAX(C23-D23,0) | F23: =MAX(D23-C23,0) | G23: 50 | H23: =ROUND(SUMIF('تفصيل الأصناف'!$F$6:$F$2255,A23,'تفصيل الأصناف'!$L$6:$L$2255),2) | I23: =ROUND(SUMIF('تفصيل الأصناف'!$F$6:$F$2255,A23,'تفصيل الأصناف'!$M$6:$M$2255),2) | J23: =ROUND(SUMIF('تفصيل الأصناف'!$F$6:$F$2255,A23,'تفصيل الأصناف'!$O$6:$O$2255),2) | K23: =ROUND(SUM(H23:J23),2) | L23: 0.15 | M23: =IF(AND(C23=D23,E23=0,F23=0),"مكتمل","غير مكتمل")
A24: WND-005 | B24: طقم تنظيف جروح | C24: 1800 | D24: =SUMIF('تفصيل الأصناف'!$F$6:$F$2255,A24,'تفصيل الأصناف'!$I$6:$I$2255) | E24: =MAX(C24-D24,0) | F24: =MAX(D24-C24,0) | G24: 50 | H24: =ROUND(SUMIF('تفصيل الأصناف'!$F$6:$F$2255,A24,'تفصيل الأصناف'!$L$6:$L$2255),2) | I24: =ROUND(SUMIF('تفصيل الأصناف'!$F$6:$F$2255,A24,'تفصيل الأصناف'!$M$6:$M$2255),2) | J24: =ROUND(SUMIF('تفصيل الأصناف'!$F$6:$F$2255,A24,'تفصيل الأصناف'!$O$6:$O$2255),2) | K24: =ROUND(SUM(H24:J24),2) | L24: 0 | M24: =IF(AND(C24=D24,E24=0,F24=0),"مكتمل","غير مكتمل")
A25: WND-006 | B25: محلول تنظيف افتراضي | C25: 1200 | D25: =SUMIF('تفصيل الأصناف'!$F$6:$F$2255,A25,'تفصيل الأصناف'!$I$6:$I$2255) | E25: =MAX(C25-D25,0) | F25: =MAX(D25-C25,0) | G25: 50 | H25: =ROUND(SUMIF('تفصيل الأصناف'!$F$6:$F$2255,A25,'تفصيل الأصناف'!$L$6:$L$2255),2) | I25: =ROUND(SUMIF('تفصيل الأصناف'!$F$6:$F$2255,A25,'تفصيل الأصناف'!$M$6:$M$2255),2) | J25: =ROUND(SUMIF('تفصيل الأصناف'!$F$6:$F$2255,A25,'تفصيل الأصناف'!$O$6:$O$2255),2) | K25: =ROUND(SUM(H25:J25),2) | L25: 0 | M25: =IF(AND(C25=D25,E25=0,F25=0),"مكتمل","غير مكتمل")
A26: WND-007 | B26: شاش جراحي معقم | C26: 2400 | D26: =SUMIF('تفصيل الأصناف'!$F$6:$F$2255,A26,'تفصيل الأصناف'!$I$6:$I$2255) | E26: =MAX(C26-D26,0) | F26: =MAX(D26-C26,0) | G26: 20 | H26: =ROUND(SUMIF('تفصيل الأصناف'!$F$6:$F$2255,A26,'تفصيل الأصناف'!$L$6:$L$2255),2) | I26: =ROUND(SUMIF('تفصيل الأصناف'!$F$6:$F$2255,A26,'تفصيل الأصناف'!$M$6:$M$2255),2) | J26: =ROUND(SUMIF('تفصيل الأصناف'!$F$6:$F$2255,A26,'تفصيل الأصناف'!$O$6:$O$2255),2) | K26: =ROUND(SUM(H26:J26),2) | L26: 0.15 | M26: =IF(AND(C26=D26,E26=0,F26=0),"مكتمل","غير مكتمل")
A27: WND-008 | B27: رباط ضاغط طبي | C27: 1200 | D27: =SUMIF('تفصيل الأصناف'!$F$6:$F$2255,A27,'تفصيل الأصناف'!$I$6:$I$2255) | E27: =MAX(C27-D27,0) | F27: =MAX(D27-C27,0) | G27: 35 | H27: =ROUND(SUMIF('تفصيل الأصناف'!$F$6:$F$2255,A27,'تفصيل الأصناف'!$L$6:$L$2255),2) | I27: =ROUND(SUMIF('تفصيل الأصناف'!$F$6:$F$2255,A27,'تفصيل الأصناف'!$M$6:$M$2255),2) | J27: =ROUND(SUMIF('تفصيل الأصناف'!$F$6:$F$2255,A27,'تفصيل الأصناف'!$O$6:$O$2255),2) | K27: =ROUND(SUM(H27:J27),2) | L27: 0 | M27: =IF(AND(C27=D27,E27=0,F27=0),"مكتمل","غير مكتمل")
A28: WND-009 | B28: غطاء حماية للضماد | C28: 1800 | D28: =SUMIF('تفصيل الأصناف'!$F$6:$F$2255,A28,'تفصيل الأصناف'!$I$6:$I$2255) | E28: =MAX(C28-D28,0) | F28: =MAX(D28-C28,0) | G28: 20 | H28: =ROUND(SUMIF('تفصيل الأصناف'!$F$6:$F$2255,A28,'تفصيل الأصناف'!$L$6:$L$2255),2) | I28: =ROUND(SUMIF('تفصيل الأصناف'!$F$6:$F$2255,A28,'تفصيل الأصناف'!$M$6:$M$2255),2) | J28: =ROUND(SUMIF('تفصيل الأصناف'!$F$6:$F$2255,A28,'تفصيل الأصناف'!$O$6:$O$2255),2) | K28: =ROUND(SUM(H28:J28),2) | L28: 0 | M28: =IF(AND(C28=D28,E28=0,F28=0),"مكتمل","غير مكتمل")
A29: WND-010 | B29: مقص ضماد طبي | C29: 600 | D29: =SUMIF('تفصيل الأصناف'!$F$6:$F$2255,A29,'تفصيل الأصناف'!$I$6:$I$2255) | E29: =MAX(C29-D29,0) | F29: =MAX(D29-C29,0) | G29: 50 | H29: =ROUND(SUMIF('تفصيل الأصناف'!$F$6:$F$2255,A29,'تفصيل الأصناف'!$L$6:$L$2255),2) | I29: =ROUND(SUMIF('تفصيل الأصناف'!$F$6:$F$2255,A29,'تفصيل الأصناف'!$M$6:$M$2255),2) | J29: =ROUND(SUMIF('تفصيل الأصناف'!$F$6:$F$2255,A29,'تفصيل الأصناف'!$O$6:$O$2255),2) | K29: =ROUND(SUM(H29:J29),2) | L29: 0.15 | M29: =IF(AND(C29=D29,E29=0,F29=0),"مكتمل","غير مكتمل")
A30: الإجمالي | C30: =SUM(C20:C29) | D30: =SUM(D20:D29) | E30: =SUM(E20:E29) | F30: =SUM(F20:F29) | H30: =ROUND(SUM(H20:H29),2) | I30: =ROUND(SUM(I20:I29),2) | J30: =ROUND(SUM(J20:J29),2) | K30: =ROUND(SUM(K20:K29),2)
A33: رقم الدفعة | B33: عدد السندات | C33: الصافي | D33: عمولة نوبكو | E33: الضريبة | F33: الإجمالي | G33: إجمالي الدفعة في العقد | H33: الفرق | I33: نتيجة المطابقة
A34: 1 | B34: =COUNTIF('تقرير السندات'!$B$6:$B$1199,A34) | C34: =ROUND(SUMIF('تقرير السندات'!$B$6:$B$1199,A34,'تقرير السندات'!$L$6:$L$1199),2) | D34: =ROUND(SUMIF('تقرير السندات'!$B$6:$B$1199,A34,'تقرير السندات'!$M$6:$M$1199),2) | E34: =ROUND(SUMIF('تقرير السندات'!$B$6:$B$1199,A34,'تقرير السندات'!$P$6:$P$1199),2) | F34: =ROUND(SUMIF('تقرير السندات'!$B$6:$B$1199,A34,'تقرير السندات'!$V$6:$V$1199),2) | G34: 188708 | H34: =ROUND(F34-G34,2) | I34: =IF(H34=0,"مطابق","غير مطابق")
A35: 2 | B35: =COUNTIF('تقرير السندات'!$B$6:$B$1199,A35) | C35: =ROUND(SUMIF('تقرير السندات'!$B$6:$B$1199,A35,'تقرير السندات'!$L$6:$L$1199),2) | D35: =ROUND(SUMIF('تقرير السندات'!$B$6:$B$1199,A35,'تقرير السندات'!$M$6:$M$1199),2) | E35: =ROUND(SUMIF('تقرير السندات'!$B$6:$B$1199,A35,'تقرير السندات'!$P$6:$P$1199),2) | F35: =ROUND(SUMIF('تقرير السندات'!$B$6:$B$1199,A35,'تقرير السندات'!$V$6:$V$1199),2) | G35: 188708 | H35: =ROUND(F35-G35,2) | I35: =IF(H35=0,"مطابق","غير مطابق")
A36: 3 | B36: =COUNTIF('تقرير السندات'!$B$6:$B$1199,A36) | C36: =ROUND(SUMIF('تقرير السندات'!$B$6:$B$1199,A36,'تقرير السندات'!$L$6:$L$1199),2) | D36: =ROUND(SUMIF('تقرير السندات'!$B$6:$B$1199,A36,'تقرير السندات'!$M$6:$M$1199),2) | E36: =ROUND(SUMIF('تقرير السندات'!$B$6:$B$1199,A36,'تقرير السندات'!$P$6:$P$1199),2) | F36: =ROUND(SUMIF('تقرير السندات'!$B$6:$B$1199,A36,'تقرير السندات'!$V$6:$V$1199),2) | G36: 188708 | H36: =ROUND(F36-G36,2) | I36: =IF(H36=0,"مطابق","غير مطابق")
A37: 4 | B37: =COUNTIF('تقرير السندات'!$B$6:$B$1199,A37) | C37: =ROUND(SUMIF('تقرير السندات'!$B$6:$B$1199,A37,'تقرير السندات'!$L$6:$L$1199),2) | D37: =ROUND(SUMIF('تقرير السندات'!$B$6:$B$1199,A37,'تقرير السندات'!$M$6:$M$1199),2) | E37: =ROUND(SUMIF('تقرير السندات'!$B$6:$B$1199,A37,'تقرير السندات'!$P$6:$P$1199),2) | F37: =ROUND(SUMIF('تقرير السندات'!$B$6:$B$1199,A37,'تقرير السندات'!$V$6:$V$1199),2) | G37: 188708 | H37: =ROUND(F37-G37,2) | I37: =IF(H37=0,"مطابق","غير مطابق")
A38: 5 | B38: =COUNTIF('تقرير السندات'!$B$6:$B$1199,A38) | C38: =ROUND(SUMIF('تقرير السندات'!$B$6:$B$1199,A38,'تقرير السندات'!$L$6:$L$1199),2) | D38: =ROUND(SUMIF('تقرير السندات'!$B$6:$B$1199,A38,'تقرير السندات'!$M$6:$M$1199),2) | E38: =ROUND(SUMIF('تقرير السندات'!$B$6:$B$1199,A38,'تقرير السندات'!$P$6:$P$1199),2) | F38: =ROUND(SUMIF('تقرير السندات'!$B$6:$B$1199,A38,'تقرير السندات'!$V$6:$V$1199),2) | G38: 188708 | H38: =ROUND(F38-G38,2) | I38: =IF(H38=0,"مطابق","غير مطابق")
A39: 6 | B39: =COUNTIF('تقرير السندات'!$B$6:$B$1199,A39) | C39: =ROUND(SUMIF('تقرير السندات'!$B$6:$B$1199,A39,'تقرير السندات'!$L$6:$L$1199),2) | D39: =ROUND(SUMIF('تقرير السندات'!$B$6:$B$1199,A39,'تقرير السندات'!$M$6:$M$1199),2) | E39: =ROUND(SUMIF('تقرير السندات'!$B$6:$B$1199,A39,'تقرير السندات'!$P$6:$P$1199),2) | F39: =ROUND(SUMIF('تقرير السندات'!$B$6:$B$1199,A39,'تقرير السندات'!$V$6:$V$1199),2) | G39: 188708 | H39: =ROUND(F39-G39,2) | I39: =IF(H39=0,"مطابق","غير مطابق")
A40: إجمالي الدفعات | B40: =SUM(B34:B39) | C40: =ROUND(SUM(C34:C39),2) | D40: =ROUND(SUM(D34:D39),2) | E40: =ROUND(SUM(E34:E39),2) | F40: =ROUND(SUM(F34:F39),2) | G40: =ROUND(SUM(G34:G39),2) | H40: =ROUND(SUM(H34:H39),2)
A42: حالة إقفال المنافسة | B42: =IF(AND(D6=0,D7=0,D8=0,D9=0,D12=0,E30=0,F30=0,H40=0,COUNTIF('تقرير السندات'!Y6:Y1199,"غير سليم محاسبياً")=0),"مقفل حسابياً","يتطلب مراجعة")
A43: ملاحظة | B43: بيانات تدريبية غير موقعة؛ الحكم على اتساق الملفات المقدمة.
